ID_openalex,DOI,tytul,rok,Typ_zrodla,Dziedzina,Problem_wiarygodnosci,Mechanizm_kontroli,Moment_kontroli,Jednostka_zamrozenia,Artefakty_wymagane,Rola_czlowieka,Rola_AI,Proweniencja_danych,Proweniencja_kodu,Proweniencja_AI,Podejscie_eksploracja,Podejscie_konfirmacja,Podejscie_odchylenia,Transferowalnosc_ekonomia,Ryzyka_ograniczenia,Import_do_SDD,pelny_tekst
W2139168999,10.18637/jss.v036.i03,Conducting Meta-Analyses in<i>R</i>with the<b>metafor</b>Package,2010.0,journal,L1_prereg,,,,,,,,,,,,,,,,,do_pobrania
W2116153150,10.1056/nejmsa065779,Selective Publication of Antidepressant Trials and Its Influence on Apparent Efficacy,2008.0,journal,L1_prereg,,,,,,,,,,,,,,,,,do_pobrania
W2118070418,10.1207/s15327957pspr0203_4,HARKing: Hypothesizing After the Results are Known,1998.0,journal,L1_prereg,,,,,,,,,,,,,,,,,do_pobrania
W2779812635,10.1073/pnas.1708274114,The preregistration revolution,2018.0,journal,L1_prereg,,,,,,,,,,,,,,,,,do_pobrania
W2499154041,10.1177/1745691616652873,A Multilab Preregistered Replication of the Ego-Depletion Effect,2016.0,journal,L1_prereg,"Efekt ego-depletion niepewny — potrzeba rygorystycznej, wielolabowej replikacji","Registered Replication Report: prerejestrowany, ustandaryzowany protokół w 23 laboratoriach",before analysis — prerejestrowany protokół i plan przed zbieraniem danych,analysis plan — ustandaryzowany protokół z prespecyfikowaną pierwotną zmienną,dane i zarejestrowane protokoły publicznie na OSF,23 laboratoria wykonują identyczny protokół; protokół zatwierdzony przez ekspertów,nie dotyczy,dane z 23 labów (N=2141) publicznie zarchiwizowane,protokoły i dane na OSF (repozytorium),nie dotyczy,meta-analiza efektu across labs jako wynik zbiorczy,konfirmacyjne: prespecyfikowana pierwotna i wtórna zmienna zależna,standaryzacja protokołu minimalizuje odchylenia między labami,wysoka — model RRR (many-lab prereg) przenośny na replikacje w ekonomii eksperymentalnej,mały efekt utrudnia interpretację; zależność od wierności protokołu,Wzorzec Registered Replication Report: zamrożony wspólny protokół egzekwowany across sites — mocna forma L1 dla replikacji wielolabowych,tak
W2463568293,10.7554/elife.16800,How open science helps researchers succeed,2016.0,journal,L1_prereg,"Otwarte praktyki nie są szeroko przyjęte — niepewność, jak dzielenie się wpłynie na karierę","Dowód, że open access/data/source zwiększają cytowania i szanse zawodowe — zachęta do otwartości",during writing / dissemination — na etapie publikacji i dzielenia się wynikami,"data/code/artifact — otwarte udostępnianie danych, kodu i publikacji","otwarte dane, kod, publikacje w otwartym dostępie",badacze przyjmują otwarte praktyki; artykuł adresuje ich obawy o karierę,nie dotyczy,otwarte dane jako centralna praktyka,open source jako centralna praktyka,nie dotyczy,przegląd literatury o korzyściach otwartości,"nie dotyczy — przegląd korzyści, nie test hipotez",nie dotyczy,"wysoka — argument o zachętach do otwartości uniwersalny, w tym dla ekonomii","korelacja korzyści z otwartością, nie dowód przyczynowości","L5 od strony zachęt: pokazuje, że otwartość (dane/kod) opłaca się badaczowi — argument adopcyjny dla mechanizmów kontroli SDD",tak
W3025409447,10.1257/pandp.20201079,Do Pre-analysis Plans Hamper Publication?,2020.0,journal,L1_prereg,p-hacking/fishing i selektywne raportowanie w eksperymentach ekonomicznych; oraz koszt publikacyjny prerejestracji zniechęcający do niej,pre-analysis plan (PAP) — prespecyfikacja hipotez i analiz przed obserwacją wyników,before analysis,analysis plan,"zarejestrowany PAP w rejestrze (AEA/EGAP), z prespecyfikowanymi hipotezami",badacz pisze PAP przed danymi i trzyma się go w analizie/pisaniu,brak — praca sprzed ery narzędzi AI w tym nurcie,dane wtórne: 8706 NBER working papers 2011–2018 + cytowania z Google Scholar,nie raportowana wprost w tym krótkim artykule P&P,nie dotyczy,krytykowana — PAP ma ograniczać eksplorację ex-post,konfirmacyjne: PAP wymusza prespecyfikowane hipotezy,"odchylenia od PAP jawne; badacze przyznają, że „prawie zawsze odchodzą od PAP”",bardzo wysoka — to praca stricte ekonomiczna o praktyce top-5 econ,selekcja do prerejestracji; brak kontroli wyników istotnych vs null; migawka trendu,"PAP = archetyp zamrożenia decyzji analitycznych przed danymi (rdzeń warstwy L1); + dowód, że koszt publikacyjny jest znośny",tak
W2945094109,10.1257/pandp.20191070,Augmenting Pre-Analysis Plans with Machine Learning,2019.0,journal,L1_prereg,,,,,,,,,,,,,,,,,tylko_appendix
W1596515083,10.1214/aos/1013699998,The control of the false discovery rate in multiple testing under dependency,2001.0,journal,L2_multiverse,Zawyżony błąd I rodzaju przy jednoczesnym testowaniu rodziny hipotez (multiplicity),Procedura Benjamini-Hochberg kontrolująca False Discovery Rate; dowód dla zależności PRDS,during analysis — korekcja przy wnioskowaniu z uporządkowanych p-wartości,analysis plan — rodzina hipotez i próg FDR (q),procedura zaimplementowana w pakietach (MULTPROC w SAS),statystyk wybiera poziom q i stosuje procedurę do uporządkowanych p-wartości,nie dotyczy,"przykłady z prób klinicznych (clodronate, bone metastases)","nie dotyczy wprost (praca teoretyczna, wskazuje na pakiety)",nie dotyczy,wspiera przesiewowe/eksploracyjne testowanie wielu hipotez (screening) z kontrolowaną proporcją błędów,konfirmacyjne: formalna kontrola proporcji błędnych odkryć,nie dotyczy wprost,wysoka — FDR stosowany w ekonometrii przy wielu testach; przykład screeningu czynników,utrata mocy przy FWE prowadzi do zaniedbywania kontroli multiplicity,Fundament statystyczny L2: FDR jako formalne narzędzie kontroli multiplicity — przenosi multiverse/multiple-testing thinking do praktyki,tak
W2161498332,10.1177/0956797611417632,False-Positive Psychology,2011.0,journal,L2_multiverse,,,,,,,,,,,,,,,,,do_pobrania
W2012757283,10.1080/01621459.1955.10501294,A Multiple Comparison Procedure for Comparing Several Treatments with a Control,1955.0,journal,L2_multiverse,,,,,,,,,,,,,,,,,do_pobrania
W1980361506,10.1093/biomet/93.3.491,Adaptive linear step-up procedures that control the false discovery rate,2006.0,journal,L2_multiverse,,,,,,,,,,,,,,,,,do_pobrania
W2099805722,10.1198/016214508000000841,"Multiple Inference and Gender Differences in the Effects of Early Intervention: A Reevaluation of the Abecedarian, Perry Preschool, and Early Training Projects",2008.0,journal,L2_multiverse,,,,,,,,,,,,,,,,,do_pobrania
W2526501380,10.1177/1745691616658637,Increasing Transparency Through a Multiverse Analysis,2016.0,journal,L2_multiverse,,,,,,,,,,,,,,,,,do_pobrania
W3044225844,10.1038/s41562-020-0912-z,Specification curve analysis,2020.0,journal,L2_multiverse,,,,,,,,,,,,,,,,,do_pobrania
W2890980333,10.3386/w21875,Multiple Hypothesis Testing in Experimental Economics,2016.0,preprint,L2_multiverse,Fałszywe pozytywy z wielokrotnego testowania hipotez (MHT) w eksperymentach ekonomicznych,Procedura korekcji kontrolująca familywise error rate (rozszerzenie Romano-Wolf) dla 3 scenariuszy MHT,during analysis — korekcja przy wnioskowaniu statystycznym,rodzina hipotez i procedura testowa (analysis plan),udokumentowana procedura + kod Stata/Matlab w publicznym repo,analityk decyduje o rodzinie hipotez i stosuje korekcję,nie dotyczy — metoda statystyczna,rewizja danych z Karlan i List (2007),kod Stata i Matlab publicznie na GitHub,nie dotyczy,dotyka eksploracji podgrup (heterogeniczne efekty) jako źródła MHT,konfirmacyjne: kontrola błędu I rodzaju przy wielu testach,nie dotyczy wprost,bardzo wysoka — praca stricte z ekonomii eksperymentalnej (JEL C9),tylko 7% prac stosuje jakąkolwiek korekcję multiplicity — problem systemowy,L2 w ekonomii: korekcja MHT jako mechanizm kontroli researcher-degrees-of-freedom przy wielu testach,tak
W1897139626,10.1126/science.aac4716,Estimating the reproducibility of psychological science,2015.0,journal,L3_repro,Nieznany zakres reprodukowalności psychologii — replikacje o połowę słabsze od oryginałów,Bezpośrednia replikacja 100 badań wg protokołu z prerejestracją i audytem jakości,before analysis — plan analizy i rejestracja protokołu przed zbieraniem danych replikacji,analysis plan + artifact — prespecyfikowany protokół i publiczne archiwum materiałów/danych,"publiczne archiwum materiałów, danych i skryptów R odtwarzających analizę (OSF)",270 współautorów prowadzi replikacje; niezależni analitycy audytują,nie dotyczy,"master datafile publicznie na OSF, odtwarzalny skryptem R",każda analiza reprodukowana przez niezależnego analityka w R wg standardu,nie dotyczy,eksploracyjne analizy moderatorów reprodukowalności (osobno oznaczone),konfirmacyjne: testy oparte na pre-analysis plans bez biasu selekcji,odchylenia od protokołu (np. wybór efektu) raportowane w replication reports,"wysoka — model masowej, audytowanej replikacji przenośny na ekonomię eksperymentalną",brak jednego standardu oceny sukcesu replikacji; różne wskaźniki dają różne wyniki,"Empiryczny dowód kryzysu reprodukowalności + wzorzec audytowalnego, prerejestrowanego pipeline'u replikacji = rdzeń L3",tak
W2406493898,10.1038/533452a,"1,500 scientists lift the lid on reproducibility",2016.0,journal,L3_repro,,,,,,,,,,,,,,,,,do_pobrania
W2570760970,10.1038/s41562-016-0021,A manifesto for reproducible science,2017.0,journal,L3_repro,"Praktyki (mała próba, P-hacking, konflikt interesów, silosy) zawyżają odsetek fałszywych wyników","Zestaw środków w 5 kategoriach: metody, raportowanie, reprodukowalność, ewaluacja, zachęty","during writing / submission — środki dla całego cyklu (m.in. prerejestracja, otwarte dane)",analysis plan + manuscript — m.in. prerejestracja i lepsze raportowanie,"prerejestracja, otwarte dane/kod, raportowanie wg standardów","badacze, instytucje, czasopisma i grantodawcy wdrażają środki",nie dotyczy,otwarte dane jako element reprodukowalności (kategoria),otwarty kod jako element reprodukowalności,nie dotyczy,"krytykowane - eksploracja bez ujawnienia pietnowana jako ""self-deception""; praca oddziela kreatywne dostrzeganie wzorcow od konfirmacji i wymaga jawnego oznaczania post hoc",rozróżnienie potwierdzające/eksploracyjne przez prerejestrację (metanauka),środki mają być iteracyjnie oceniane i ulepszane,wysoka — środki generyczne dla każdej dyscypliny empirycznej,środki nie wyczerpujące; szeroka adopcja wymaga iteracyjnej oceny,"Programowa mapa reform reprodukowalności (metods→incentives) — katalog mechanizmów kontroli, które SDD ma operacjonalizować",tak
W2613409207,10.1371/journal.pone.0177459,Singularity: Scientific containers for mobility of compute,2017.0,journal,L3_repro,Brak mobilności i reprodukowalności środowisk obliczeniowych między platformami,Kontenery Singularity: kapsułkowanie całego środowiska obliczeniowego do przenoszenia i wykonania,during analysis — środowisko zamrażane przy budowie kontenera i wykonaniu,artifact/code — obraz kontenera ze środowiskiem obliczeniowym,"obraz kontenera (open source), przenośny między HPC",deweloperzy/badacze budują i wykonują reprodukowalne środowiska,nie dotyczy,"nie dotyczy wprost (środowisko obliczeniowe, nie dane)",kompletne środowisko software'owe kapsułkowane i dystrybuowane,nie dotyczy,mobilność środowisk wspiera eksplorację na różnych platformach,umożliwia dokładne odtworzenie wyników w identycznym środowisku,nie dotyczy,"wysoka — kontenery reprodukowalne dla dowolnych obliczeń, w tym ekonometrycznych","skupienie na środowisku obliczeniowym, nie na danych/analizie merytorycznej",Techniczny fundament L3: kontener zamraża środowisko wykonania — warstwa reprodukowalności obliczeniowej pod pipeline SDD,tak
W2104279568,10.1198/106186007x178663,Statistical Analyses and Reproducible Research,2007.0,journal,L3_repro,,,,,,,,,,,,,,,,,do_pobrania
W1495986299,10.20955/r.76.79-83,"Replication and Scientific Standards in Applied Economics A Decade After the Journal of Money, Credit and Banking Project",1994.0,journal,L3_repro,,,,,,,,,,,,,,,,,do_pobrania
W3111444287,10.1162/99608f92.4f6b9e67,Reproducibility and Replicability in Economics,2020.0,journal,L3_repro,,,,,,,,,,,,,,,,,do_pobrania
2510.11143,,Spec-Driven AI for Science: The ARIA Framework for Automated and Reproducible Data Analysis,2025.0,preprint,L3_repro,Napięcie: automatyzacja AI kosztem przejrzystości vs ręczne skrypty kosztem skalowalności i reprodukowalności,"Spec-driven, human-in-the-loop: badacz definiuje specyfikację w języku naturalnym, AI generuje kod, waliduje i dokumentuje",during analysis — pętla wykonania z punktami przeglądu,prompt/specyfikacja (komenda jako artefakt Markdown) + wersjonowane dokumenty kontekstu,"specyfikacja w Markdown, wersjonowane dokumenty kontekstu, kod z logami, warstwa danych z proweniencją",badacz definiuje co i dlaczego; przegląda i zatwierdza na checkpointach,"AI Module: interpretuje komendy, generuje/waliduje kod, tworzy dokumentację; autonomia ograniczona przeglądem","warstwa Data: surowe dane niezmienne, przetworzone i wyniki wersjonowane, metadane łączą transformacje ze źródłami","kod generowany przez AI z docstringami, logowaniem, kontrolą jakości (mypy, ruff), pętla naprawcza",dokument-centryczny workflow rejestruje decyzje i zależności; każda decyzja cytowalna,"iteracyjna eksploracja: kolejność faz zalecana, nie wymuszana; można pomijać/powtarzać",walidacja obliczeń i bramki jakości potwierdzają poprawność,odchylenia jawne przez wersjonowanie dokumentów i możliwość rewizji przy zmianie założeń,"wysoka — rama dziedzinowo-niezależna, testowana m.in. na Boston Housing",ryzyko subtelnych błędów modelowania omijających statyczne testy; zależność od jakości przeglądu człowieka,"Bezpośredni wzorzec ramy SDD: specyfikacja→wykonanie, sześć warstw, human-in-the-loop, dokument jako pierwszorzędny artefakt",tak
W2302501749,10.1038/sdata.2016.18,The FAIR Guiding Principles for scientific data management and stewardship,2016.0,journal,L4_fair,dane i artefakty nieodnajdywalne/niereużywalne → brak przejrzystości i reprodukowalności,"zasady FAIR (Findable, Accessible, Interoperable, Reusable) dla danych ORAZ algorytmów/narzędzi/workflow",during writing / submission — na etapie publikacji i depozytu danych,data (+ metadata + workflow jako research object),"globalnie unikalny trwały identyfikator, bogate metadane, licencja, proweniencja",producent/wydawca/steward danych wdraża FAIR,maszyny jako interesariusze — agenty obliczeniowe autonomicznie znajdują/używają danych („machine-actionable”),wymagana wprost: bogate metadane + identyfikator,workflow/narzędzia objęte FAIR jako research objects,proweniencja dla agentów maszynowych: „keep an exquisite record of provenance”,wspiera eksploracyjną integrację danych przez agentów,"nie dotyczy — to rama zarządzania danymi, nie test hipotez",nie dotyczy,"średnia/wysoka — polityki data/code w ekonomii (data editors, replication packages) to zastosowanie FAIR","zasady poprzedzają implementację, brak egzekucji, „good data management largely undefined”",artefakt z trwałym ID + proweniencja + machine-actionability = rdzeń L4; framing „maszyna jako interesariusz” zasila warstwę rozliczalności AI,tak
W3048186973,10.5334/dsj-2020-043,The CARE Principles for Indigenous Data Governance,2020.0,journal,L4_fair,Napięcie między otwartymi danymi/ML a prawami i interesami ludów tubylczych w danych,"Zasady CARE (Collective Benefit, Authority to Control, Responsibility, Ethics) jako governance danych uzupełniające FAIR","before data / during — governance przez cały cykl życia danych, zorientowany na ludzi i cel",data — governance zbiorów danych i ekosystemów danych,"polityki governance danych, mechanizmy autorytetu do kontroli i benefit-sharing",ludy tubylcze jako rightsholderzy i samo-stanowiący użytkownicy danych,"AI wzmacnia efekty przesunięcia danych — kontekst ryzyka, nie narzędzie",nacisk na kontrolę pochodzenia i wtórnego użycia danych o społecznościach,nie dotyczy,nie dotyczy wprost,nie dotyczy,"nie dotyczy — rama governance, nie test hipotez",nie dotyczy,średnia — governance danych i benefit-sharing przenoszalne na dane wrażliwe w ekonomii/finansach,"uzupełnia FAIR o wymiar etyczno-prawny, którego FAIR nie obejmuje (people vs data-centric)",Rozszerza L5 o governance: kto ma autorytet kontroli danych i jak dzielić korzyści — wymiar etyczny polityki data/code,tak
W4205738517,10.3233/ds-210053,Packaging research artefacts with RO-Crate,2022.0,journal,L4_fair,Open Science zwiększa potrzebę publikowania artefaktów procesu badawczego w sposób maszynowo-czytelny,RO-Crate: pakowanie artefaktów badawczych z metadanymi (Schema.org/JSON-LD),during writing / publication — pakowanie i dostarczanie w formacie maszynowym,"artifact — kontener (crate) agregujący zasoby, dane i metadane","crate z metadanymi opisującymi proweniencję, relacje i adnotacje",badacze pakują i publikują artefakty; społeczność RO-Crate rozwija standard,"metadane maszynowo-czytelne (interoperacyjność, nie AI agentowe)","crate zawiera proweniencję, relacje i adnotacje danych",ogólnego przeznaczenia pakowanie danych i metadanych (w tym workflow),nie dotyczy wprost,używane w wielu dziedzinach (bioinformatyka i in.),strukturalna warstwa nad badaniem umożliwia weryfikację,nie dotyczy,wysoka — ogólne pakowanie artefaktów badawczych przenośne na ekonomię,"standard metadanych, wymaga adopcji narzędziowej i społecznościowej",Dojrzała implementacja L4: crate = artefakt badawczy z proweniencją i metadanymi maszynowymi — kandydat na kontener pakietu SDD,tak
W2159721641,10.1038/npre.2010.4626.1,Research Objects: Towards Exchange and Reuse of Digital Knowledge,2010.0,preprint,L4_fair,Publikacja elektroniczna nie czyni wyników dekomponowalnymi ani reużywalnymi,"Research Object: semantycznie bogata agregacja zasobów (dane, metody, ludzie) jako jednostka wiedzy",during writing / publication — na etapie publikacji jednostki wiedzy,"artifact: samozawarta jednostka wiedzy agregująca dane, metody i workflow","kontener agregujący dane, metody, logi wykonania + metadane opisujące relacje","badacz tworzy, dzieli i kuratoruje research objects/workflow",zasoby czytelne maszynowo (w przeciwieństwie do liniowych papierów tylko dla ludzi),"asocjacja z datasetem to dereferencjowalny link do faktycznego zasobu, nie tylko cytat","workflow wzbogacony o dane wejściowe, wyniki i logi wykonania","nie dotyczy wprost (2010, przed erą LLM)","wspiera meta-naukę: łączenie badań w większy model, nie tylko przegląd","umożliwia walidację, że prezentowane wyniki są rzeczywiście oczekiwane",nie dotyczy,"średnia — koncepcja RO dziedzinowo-niezależna, ale przykłady z e-labów biomedycznych","praca pozycyjna/manifest, brak pełnego rozwiązania technicznego",Prekursor RO-Crate: artefakt jako agregat z proweniencją i relacjami = wzorzec L4 dla pakietu badawczego w SDD,tak
W3042880226,10.1371/journal.pbio.3000737,The Hong Kong Principles for assessing researchers: Fostering research integrity,2020.0,journal,L5_policy,"Ocena badaczy rzadko uwzględnia wiarygodność, rygor i przejrzystość — złe zachęty","Pięć zasad oceny badaczy nagradzających integralność (odpowiedzialne praktyki, przejrzyste raportowanie, open science, różnorodność, uznanie wkładu)",during writing / evaluation — na etapie oceny i nagradzania badaczy,manuscript / researcher assessment — kryteria oceny i nagradzania,"rejestracja protokołów, przejrzyste raportowanie, otwarte materiały",instytucje i badacze przyjmują kryteria oceny wspierające integralność,nie dotyczy,open science / open research jako jedna z zasad,nie dotyczy wprost,nie dotyczy,docenia różnorodność typów badań (w tym eksploracyjne),rozróżnienie eksploracyjne/potwierdzające przez rejestrację protokołów,nie dotyczy wprost,wysoka — kryteria oceny badaczy przenośne na ekonomię (zachęty instytucjonalne),"zasady na poziomie polityki instytucjonalnej, wymagają wdrożenia i przykładów adopcji","L5 od strony zachęt: system oceny/nagradzania musi premiować zamrożenie i przejrzystość, inaczej mechanizmy kontroli nie są stosowane",tak
W2003423696,10.1371/journal.pone.0067332,"If We Share Data, Will Anyone Use Them? Data Sharing and Reuse in the Long Tail of Science and Technology",2013.0,journal,L5_policy,Dzielenie się danymi w 'długim ogonie' nauki jest rzadkie i słabo wspierane infrastrukturą,Dziesięcioletnie studium praktyk dzielenia/reużycia danych (CENS) informujące projekt infrastruktury,after / during — praktyki dzielenia się po zebraniu danych,data — deponowane i reużywane zbiory danych,"repozytoria danych, rejestry (których w domenach CENS brakuje)","badacze dzielą się przez wymianę interpersonalną (gift culture), gdy dostają kredyt",nie dotyczy,"dane lokalne, minimalnie strukturalne i udokumentowane w długim ogonie",nie dotyczy wprost,nie dotyczy,"dane zewnętrzne używane jako kontekst/kalibracja, nie do pierwotnych pytań",respondenci nie używają danych zewnętrznych do replikacji badań,nie dotyczy,"wysoka — bariery i zachęty do dzielenia danych (kredyt, first-publish) przenośne na ekonomię",studium jednego centrum (CENS); kultura daru zamiast rynku danych,"L5 od strony realiów: samo udostępnianie danych nie wystarcza — bez zachęt, repozytoriów i egzekucji mechanizmy kontroli nie są używane",tak
W3047037404,10.1080/13662716.2020.1792274,The Open Innovation in Science research field: a collaborative conceptualisation approach,2020.0,journal,L5_policy,Rozproszona wiedza o otwartych/kolaboratywnych praktykach w nauce — brak wspólnej ramy,"Rama OIS: antecedencje, uwarunkowania i konsekwencje otwartych praktyk w całym procesie badawczym",across process — cały proces generowania i upowszechniania wiedzy,"nie dotyczy wprost — rama pojęciowa, nie jednostka techniczna",nie dotyczy wprost (rama konceptualna),otwarcie procesu na współpracę i partycypację publiczną,nie dotyczy,nie dotyczy wprost,nie dotyczy,nie dotyczy,otwarte/kolaboratywne praktyki wspierają eksplorację i partycypację,nie dotyczy — rama pojęciowa,nie dotyczy,"średnia — rama OIS bada zachęty i organizację nauki, przenośna na ekonomię nauki","rama pojęciowa oparta na konsensusie 47 autorów, nie test empiryczny","L5 od strony organizacji nauki: definiuje, jak otwartość i współpraca kształtują proces — kontekst dla polityk wspierających SDD",tak
W2896941665,10.1038/sdata.2018.205,"Cross-Linguistic Data Formats, advancing data sharing and re-use in comparative linguistics",2018.0,journal,L5_policy,Dane językowe w wielu formatach — nieporównywalne i niereużywalne,Standard CLDF: wspólne formaty danych + walidacja + ontologia dla porównawczej lingwistyki,during writing / publication — standaryzacja przy udostępnianiu danych,data — ustandaryzowany format zbiorów danych,specyfikacja formatu + pakiet software do walidacji + ontologia,badacze-lingwiści tworzą i walidują zbiory wg standardu,nie dotyczy wprost (interoperacyjność maszynowa danych),ontologia linkuje dane do ogólniejszych ram — interoperacyjność,pakiet software do walidacji i manipulacji danymi,nie dotyczy,wspiera reużycie danych do porównań międzyjęzykowych,umożliwia porównywalność zbiorów (walidacja formatu),nie dotyczy,średnia — model standaryzacji formatów danych przenośny na dane ekonomiczne,"standard dziedzinowy (lingwistyka), rozszerzalny na inne typy danych",Konkretna implementacja FAIR (L4): standard formatu + walidator + ontologia = wzorzec interoperacyjnych danych dla SDD,tak
W2996385440,10.1371/journal.pone.0225883,A study of the impact of data sharing on article citations using journal policies as a natural experiment,2019.0,journal,L5_policy,Niepewny wpływ dzielenia się danymi na cytowania i reużycie — potrzeba dowodu,Polityki danych czasopism jako naturalny eksperyment mierzący efekt dzielenia się danymi,during writing / publication — obowiązek depozytu danych przy publikacji,data — obowiązkowy depozyt danych narzucony polityką czasopisma,zdeponowane dane artykułu (w repozytorium wymaganym przez politykę),autorzy deponują dane; czasopisma egzekwują politykę,nie dotyczy,centralne — depozyt i reużycie danych artykułu,nie dotyczy wprost,nie dotyczy,analiza cytowań (instrumental variable) jako oszacowanie efektu,konfirmacyjne: analiza wpływu polityki metodą naturalnego eksperymentu,naturalny eksperyment kontroluje endogeniczność wyboru dzielenia,"bardzo wysoka — autorzy z ekonomii (Miguel, Christensen), metoda naturalnego eksperymentu ekonometryczna",efekt oszacowany dla konkretnych czasopism/dziedzin — ograniczona generalizacja,"Dowód, że polityki danych (L5) mierzalnie zwiększają wartość dzielenia danych — ekonometryczny argument za mechanizmami L4/L5 w SDD",tak
W2606143958,10.1371/journal.pone.0175583,The influence of journal submission guidelines on authors' reporting of statistics and use of open research practices,2017.0,journal,L5_policy,Questionable research practices i NHST zawyżają biasy w psychologii,"Wytyczne czasopisma (new statistics, badge'e open science) jako dźwignia zmiany praktyk",submission — wytyczne działają na etapie zgłoszenia manuskryptu,manuscript — wymogi raportowania i udostępniania na etapie zgłoszenia,"otwarte dane i materiały (badge'e), przedziały ufności zamiast samego NHST",autorzy zmieniają praktyki w odpowiedzi na wytyczne; czasopismo je narzuca,nie dotyczy,wzrost dostępności otwartych danych (3%→39%),otwarte materiały (7%→31%),nie dotyczy,promocja estymacji i przedziałów ufności ('new statistics'),dominacja NHST utrzymana mimo wytycznych,porównanie dwóch czasopism jako quasi-eksperyment naturalny,"wysoka — dowód, że polityki czasopism zmieniają praktyki; przenośne na czasopisma ekonomiczne","zmiana korelowana z wytycznymi, nie w pełni przyczynowa; NHST wciąż dominuje",Empiryczny dowód L5: polityki czasopism (mechanizm egzekucji) realnie zwiększają otwartość danych/materiałów — dźwignia adopcji SDD,tak
W4389991792,10.1038/s41586-023-06792-0,Autonomous chemical research with large language models,2023.0,journal,L6_ai,autonomia agenta AI w procesie badawczym — jak rozumieć/ufać decyzjom autonomicznego systemu,modularny system promptów definiujący przestrzeń akcji (GOOGLE/PYTHON/DOCUMENTATION/EXPERIMENT) + izolacja Docker + logowanie decyzji,during analysis — w trakcie planowania i wykonania eksperymentu,prompt — zamrożona przestrzeń akcji i cele systemu w promptach systemowych,"prompty systemowe, kod (PYTHON), repozytorium GitHub, logi decyzji/uzasadnień",człowiek daje prompt w języku naturalnym; brak decyzji człowieka w trakcie biegu; projektuje system + red-team,"autonomiczne projektowanie, planowanie i wykonanie eksperymentów",dane z internetu/dokumentacji przez moduł wyszukiwania; zbiory Perera/Doyle jako lookup,"kod generowany przez agenta, wykonywany w izolowanym kontenerze; repo publiczne",jawna: GPT-4 jako Planner; analiza uzasadnień decyzji przez wielokrotne biegi,eksploracyjne: autonomiczne przeszukiwanie i optymalizacja warunków reakcji,testuje zdolność rozumowania na zbiorach z pełną mapą warunków,strategia zmienia się między biegami — powtarzalność decyzji ograniczona,agent-based reasoning/optymalizacja przenośne; bliskie ABM w ekonomii,"dual-use/bezpieczeństwo (jawnie), halucynacje, subiektywne etykiety, zmienność między biegami",prompt jako zamrożona jednostka + jawna przestrzeń akcji + logowanie decyzji = rdzeń warstwy rozliczalności AI (L6); pytanie o wyjaśnialność,tak
W4396723768,10.1038/s42256-024-00832-8,Augmenting large language models with chemistry tools,2024.0,journal,L6_ai,LLM zawodzą w chemii i nie mają dostępu do zewnętrznej wiedzy,Agent LLM (GPT-4) z 18 eksperckimi narzędziami + format Thought/Action/Observation + narzędzia bezpieczeństwa,during analysis — agent planuje i wykonuje zadania w pętli rozumowania,prompt + zestaw narzędzi — zamrożona przestrzeń akcji przez format ReAct,"18 eksperckich narzędzi, narzędzia bezpieczeństwa (explosive check), GPT-4",chemik-ekspert ocenia; użytkownik definiuje zadania; safeguardy z nadzorem społeczności,autonomiczne planowanie i wykonanie syntez oraz odkrycie chromoforu,narzędzia sięgają zewnętrznych źródeł wiedzy chemicznej,agent wykonuje narzędzia; format rozumowania jawny (ReAct),GPT-4 jako LLM z jawnym łańcuchem Thought/Action/Observation,"eksploracyjne: odkrycie nowego chromoforu, projektowanie materiałów",ocena przez LLM i ekspertów potwierdza skuteczność zadań,narzędzia bezpieczeństwa jako kontrola odchyleń/nadużyć,średnia — wzorzec agenta LLM z narzędziami przenośny na analizę ekonomiczną,"ryzyka dual-use i niezamierzone — jawnie omawiane, z safeguardami",L6: agent LLM z zamrożoną przestrzenią narzędzi + jawny łańcuch rozumowania + safety tools = wzorzec rozliczalnego agenta w SDD,tak
2501.04227,,Agent Laboratory: Using LLM Agents as Research Assistants,2025.0,preprint,L6_ai,Odkrycie naukowe jest długie i kosztowne — potrzeba przyspieszenia przy zachowaniu jakości,"Agent Laboratory: autonomiczny framework LLM przez 3 etapy (przegląd, eksperymenty, raport) z feedbackiem człowieka na każdym",during analysis / at each stage — człowiek daje feedback na każdym etapie procesu,"prompt / research idea — ludzki pomysł badawczy jako wejście, etapowa struktura",repozytorium kodu + raport badawczy jako wyjścia,człowiek dostarcza pomysł i feedback na każdym etapie — istotnie poprawia jakość,agent LLM wykonuje cały proces badawczy jako asystent,nie dotyczy wprost (asystent do ML research),generuje repozytorium kodu osiągające SOTA,różne SOTA LLM testowane; o1-preview najlepszy,uwalnia badaczy do kreatywnej ideacji zamiast niskopoziomowego kodowania,badacze oceniają jakość finalnego artykułu w ankiecie,feedback człowieka na etapach koryguje przebieg,"średnia — framework asystenta badawczego przenośny, przykłady z ML",jakość zależna od LLM i od udziału człowieka; koszt obniżony o 84%,L6 z jawnymi checkpointami człowieka: human-in-the-loop na każdym etapie jako mechanizm rozliczalności agenta — bliski rdzeniowi SDD,tak
2408.06292,,The AI Scientist: Towards Fully Automated Open-Ended Scientific Discovery,2024.0,preprint,L6_ai,Modele frontier wykonują tylko małą część procesu naukowego,The AI Scientist: pełen framework autonomicznego odkrycia + automatyczny recenzent + jawne przechowywanie plików,during analysis + review — symulowany proces recenzji po wygenerowaniu pracy,prompt / template — startowy 'template' kodu jako punkt wyjścia,"kod, eksperymenty, wizualizacje, pełny artykuł + reprodukowalne kopie plików","model używany dotąd jako pomoc dla ludzi (burza mózgów, kod); tu autonomiczny","LLM samodzielnie generuje pomysły, pisze kod, wykonuje eksperymenty i pisze artykuł",nie dotyczy wprost (subpola ML),pisze i wykonuje kod; przechowuje reprodukowalne kopie plików,automatyczny recenzent o wydajności blisko ludzkiej,"iteracyjne rozwijanie pomysłów w sposób otwarty (open-ended), archiwum wiedzy",symulowany recenzent ocenia wygenerowane prace,samo-refleksja na sekcję; ryzyko halucynacji całych wyników,"średnia — framework demonstrowany na subpolach ML, koncepcyjnie przenośny",halucynacja wyników i obawy bezpieczeństwa (import nieznanych bibliotek),Skrajny przypadek L6: pełna autonomia + automatyczny recenzent + reprodukowalne pliki — pokazuje ryzyka (halucynacja) uzasadniające potrzebę zamrożenia i audytu w SDD,tak
W2121044470,10.2307/4615733,A Simple Sequentially Rejective Multiple Test Procedure,1979.0,journal,meta,,,,,,,,,,,,,,,,,do_pobrania
W2144981148,10.1371/journal.pmed.0020124,Why Most Published Research Findings Are False,2005.0,journal,meta,Większość opublikowanych wyników badań może być fałszywa,"Model probabilistyczny: PPV wyniku zależy od mocy, poziomu istotności i pre-study odds; diagnoza, nie procedura",during analysis — krytyka poleganie na p<0.05 z pojedynczego badania,hypothesis — ostrzega przed elastycznością w definiowaniu i testowaniu hipotez,"nie dotyczy (esej analityczny, nie proponuje artefaktu)",badacz/pole nauki kształtuje pre-study odds (R) i bias,nie dotyczy,nie dotyczy,nie dotyczy,nie dotyczy,"krytykowane - projekty eksploracyjne oceniane jako gorsze od konfirmacyjnych (""perform even worse""); wiele testowanych hipotez bez korekcji obniza PPV",centralny: krytyka nadużywania istotności statystycznej jako konfirmacji,bias jako systematyczne odchylenie zawyżające liczbę fałszywych odkryć,"wysoka — model PPV uniwersalny dla każdej dziedziny empirycznej, w tym ekonomii",model formalny z założeniami upraszczającymi (pola circumscribed),"Fundament problemu wiarygodności, który SDD ma adresować: pojedyncze p<0.05 niewystarczające — motywuje zamrożenie decyzji analitycznych",tak
W2006546769,10.1037/0033-2909.86.3.638,The file drawer problem and tolerance for null results.,1979.0,journal,meta,,,,,,,,,,,,,,,,,do_pobrania
W2149893809,10.1037/0033-2909.108.3.480,The case for motivated reasoning.,1990.0,journal,meta,,,,,,,,,,,,,,,,,do_pobrania
W2105824687,10.1038/nrn3475,Power failure: why small sample size undermines the reliability of neuroscience,2013.0,journal,meta,,,,,,,,,,,,,,,,,do_pobrania
W2293040502,10.1080/00031305.2016.1154108,"The ASA Statement on <i>p</i> -Values: Context, Process, and Purpose",2016.0,journal,meta,,,,,,,,,,,,,,,,,do_pobrania
W2135606128,10.1111/1468-0262.00152,A Reality Check for Data Snooping,2000.0,journal,L2_multiverse,,,,,,,,,,,,,,,,,do_pobrania
W2561942675,10.1257/jel.20171350,"Transparency, Reproducibility, and the Credibility of Economics Research",2018.0,journal,L3_repro,,,,,,,,,,,,,,,,,do_pobrania
W1835208334,10.1257/app.20150044,Star Wars: The Empirics Strike Back,2015.0,journal,meta,,,,,,,,,,,,,,,,,do_pobrania
W2157387965,10.1257/jep.29.3.61,Promises and Perils of Pre-Analysis Plans,2015.0,journal,L1_prereg,Data-mining: selektywne raportowanie i researcher degrees of freedom w ekonomii empirycznej,"Pre-analysis plan: prespecyfikacja zmiennych, czyszczenia danych i specyfikacji regresji przed danymi",before analysis — plan sfinalizowany i zarchiwizowany przed analizą odślepionych danych,"analysis plan: główna zmienna wyniku, definicje zmiennych, reguły włączenia, model statystyczny",plan w publicznym archiwum z timestampem (rejestr AEA),badacz pisze i archiwizuje plan przed danymi; wyznacza pierwotną zmienną wyniku,nie dotyczy,dyskusja odślepiania danych: plan pisany bez rozdzielania danych wg grup,zaleca pisanie i uruchamianie kodu na odślepionych danych do aktualizacji planu,nie dotyczy,jawnie dopuszcza eksplorację jako osobną kategorię o niższym rygorze,konfirmacyjne: prespecyfikowane hipotezy jak w próbach FDA,pełna prespecyfikacja niemożliwa (drzewo 3^10 regresji); odchylenia nieuniknione,bardzo wysoka — praca wprost o przenoszeniu PAP z prób klinicznych do ekonomii,"koszt prespecyfikacji: prostsze papiery, utrata niuansu; korzyści niższe niż oczekiwano",Kanoniczna analiza kosztów/korzyści zamrożenia analysis plan w ekonomii — balans confirmatory/exploratory kluczowy dla ramy SDD,tak
W1691896301,10.1111/j.1365-2966.2007.00428.x,Viewpoint: Replication in economics,2007.0,journal,L3_repro,,,,,,,,,,,,,,,,,do_pobrania
W3047016911,10.1257/aer.20190687,Methods Matter: p-Hacking and Publication Bias in Causal Analysis in Economics,2020.0,journal,L2_multiverse,,,,,,,,,,,,,,,,,do_pobrania
W2013118805,10.2307/1924497,Reporting the Fragility of Regression Estimates,1983.0,journal,L2_multiverse,,,,,,,,,,,,,,,,,do_pobrania
W3012139536,10.1111/joes.12363,REPORTING GUIDELINES FOR META‐ANALYSIS IN ECONOMICS,2020.0,journal,L3_repro,,,,,,,,,,,,,,,,,do_pobrania
W1973451694,10.1145/2596628,A primer on provenance,2014.0,journal,L4_fair,,,,,,,,,,,,,,,,,do_pobrania
W4407877295,10.1038/s41597-025-04451-9,Applying the FAIR Principles to computational workflows,2025.0,journal,L4_fair,"Złożone workflow obliczeniowe trudne do znalezienia, reużycia i odtworzenia",Rekomendacje stosowania zasad FAIR (danych i software) do computational workflows,during writing / dissemination — workflow jako dzielony obiekt cyfrowy,artifact/code — workflow jako obiekt FAIR,"workflow z metadanymi FAIR (Findable, Accessible, Interoperable, Reusable)","autorzy workflow, deweloperzy WMS i dostawcy usług przyjmują rekomendacje","nie dotyczy wprost (automatyzacja procesów, nie AI agentowe)",workflow jako obiekt do odkrycia i reużycia z metadanymi,workflow to software wieloetapowy; stosuje zasady FAIR dla software,nie dotyczy,workflow demokratyzuje dostęp do platform i know-how,nacisk na reprodukowalność i quality-assured transparency,nie dotyczy,wysoka — FAIR workflows stosowalne do pipeline'ów ekonometrycznych,"rekomendacje do dyskusji i adopcji, nie sztywny standard",Rozszerza L4 z danych na workflow: pipeline analityczny jako obiekt FAIR — bezpośrednio dotyka rdzenia SDD (spec+pipeline jako artefakt),tak
W4405185373,10.1039/d4sc03921a,A review of large language models and autonomous agents in chemistry,2024.0,journal,L6_ai,"LLM silnie wpływają na chemię, ale ich rola i granice wymagają przeglądu",Przegląd: LLM z narzędziami jako autonomiczni agenci interagujący ze środowiskiem,during analysis — agenci wykonują zadania badawcze w środowisku,prompt + zestaw narzędzi — agent zdefiniowany przez dostępne narzędzia,"narzędzia agenta (scraping, interfejsy do labów, planowanie syntez)",chemicy jako użytkownicy; przegląd ocenia potencjał i granice,agenci LLM wykonują zróżnicowane zadania badawcze w chemii,agenci interfejsują z automatycznymi laboratoriami i źródłami,narzędzia agentów jako interfejsy do środowiska,przegląd zdolności LLM w projektowaniu i predykcji,"automatyzacja przyspiesza odkrycie (projektowanie molekuł, synteza)",predykcja właściwości i optymalizacja jako zadania weryfikowalne,nie dotyczy wprost,"średnia — wzorzec agenta LLM+narzędzia dziedzinowo-specyficzny (chemia), koncepcyjnie przenośny","temat wschodzący, szybko ewoluujący — przegląd zamiast ustabilizowanej wiedzy","Systematyczny przegląd L6 (agenci+narzędzia w nauce): mapuje przestrzeń narzędzi i zadań, którą SDD ma uczynić rozliczalną",tak
W4402901320,10.1057/s41599-024-03611-3,Large language models empowered agent-based modeling and simulation: a survey and perspectives,2024.0,journal,L6_ai,Integracja LLM z modelowaniem agentowym obiecuje lepsze symulacje złożonych systemów,"Przegląd wyzwań: percepcja środowiska, human alignment, generacja akcji, ewaluacja",during analysis — LLM sterują agentami w symulacji,prompt — agenci LLM zdefiniowani promptem w symulacji,reprezentatywne prace + repozytoria kodu (GitHub),human alignment jako wyzwanie — dopasowanie agentów do człowieka,"LLM zasilają agentów symulacyjnych (cyber, physical, social, hybrid)",nie dotyczy wprost (symulacja),repozytoria kodu reprezentatywnych prac udokumentowane,"agenci LLM analizowani wg percepcji, akcji i ewaluacji",symulacja emergentnych zachowań i interakcji agentów,ewaluacja jako jedno z kluczowych wyzwań,nie dotyczy wprost,wysoka — modelowanie agentowe rdzeniowe dla ekonomii (ABM rynków/społeczeństw),"obszar nowy i szybko ewoluujący, otwarte problemy",L6 w symulacji: human alignment + ewaluacja jako jawne wyzwania rozliczalności agentów — istotne dla ABM w ekonomii pod SDD,tak
W1591821068,10.1111/j.0950-0804.2005.00253.x,A Meta-Analysis of β-Convergence: the Legendary 2%,2005.0,article,ekonomia,"Niejednorodnosc i mozliwa niewiarygodnosc wnioskow z pojedynczych badan empirycznych nad konwergencja gospodarcza - roznice w specyfikacjach, technikach estymacji i traktowaniu heterogenicznosci prowadza do rozbieznych, niekoniecznie porownywalnych szacunkow, a przekonanie o istnieniu 'naturalnej' stopy 2% moze byc mitem; dodatkowo mozliwe skrzywienie publikacyjne.","Meta-analiza/meta-regresja losowo dobranej probki opublikowanych badan, z waga wedlug precyzji oszacowan, kontrola zmiennych moderujacych (charakterystyki danych, estymacji, zmiennych warunkujacych) oraz formalne testy i korekty na obecnosc skrzywienia publikacyjnego (funnel plot, test Eggera, trim-and-fill, model Hedgesa/Vevea).",during_writing_dissemination,nie_dotyczy,"Baza danych meta-analitycznych zawierajaca ok. 600-619 oszacowan z 48 badan, z udostepnionym rozszerzonym zestawem danych online (plik xls) opisujacym zrodlo danych, skale przestrzenna, typ estymatora i zmienne kontrolne.","Badacze samodzielnie definiuja kryteria doboru probki (losowe losowanie z bazy EconLit), kodują charakterystyki kazdego badania pierwotnego, specyfikuja model meta-regresji, interpretuja wyniki teoretycznie i decyduja o wlaczeniu zmiennych moderujacych na podstawie teorii wzrostu.",nie_dotyczy,"Dane pochodza z rekodowania oszacowan i bledow standardowych z 48 opublikowanych badan wyszukanych w EconLit wedlug jawnych kryteriow selekcji (jezyk, publikacja w czasopismie, wylaczenie badan TFP/szeregow czasowych); zrodla danych pierwotnych (Summers-Heston, Maddison, regionalne PPP) sa jawnie kodowane jako zmienne moderujace.",nie_dotyczy,nie_dotyczy,nie_dotyczy,obecne,nie_dotyczy,"bardzo_wysoka - praca jest stricte ekonomiczna (meta-analiza literatury o konwergencji gospodarczej) i sam mechanizm (meta-regresja, korekta na publication bias) jest juz standardowym narzedziem ekonomii/finansow.","Ryzyko zaleznosci obserwacji (wielokrotne oszacowania z tego samego badania), niedoskonala moc testow skrzywienia publikacyjnego, mozliwosc, ze wyniki testu funnel plot sa spowodowane innymi skrzywieniami niz publikacyjne, oraz ograniczona efektywnosc estymatorow przy niepelnej niezaleznosci obserwacji.","Praca ilustruje brame na etapie syntezy/publikacji - systematyczny, losowy dobor probki badan i jawne kodowanie charakterystyk jako artefakt audytowalny (baza danych meta-analitycznych) pozwalajacy wykryc i skorygowac skrzywienie wynikajace z selektywnego raportowania/publikacji, analogicznie do bram weryfikacyjnych w SDD.",tak
W3045217171,10.3386/w27594,RCTs to Scale: Comprehensive Evidence from Two Nudge Units,2020.0,preprint,ekonomia,"Praca adresuje problem selektywnej publikacji (publication bias) i niskiej moc statystycznej badan akademickich, ktore prowadza do przeszacowania efektow nudge'y w porownaniu z pelna, nieocenzurowana populacja prob z jednostek Nudge Unit; porownuje wyniki opublikowane w czasopismach z kompletnym rejestrem prob.","Mechanizmem kontroli jest wykorzystanie kompletnych, administracyjnie przejrzystych rejestrow wszystkich prob (w tym niepublikowanych) prowadzonych przez jednostki Nudge Unit, z raportami z prob i planami analizy przed danymi, co eliminuje selekcje publikacyjna; autorzy dodatkowo stosuja korekte publication bias (Andrews-Kasy) i test Eggera.",across_process,data,"Wymagane artefakty to: raport z proby (trial report) dla kazdego badania, w wielu przypadkach plan analizy przed danymi (pre-analysis plan), wewnetrzny rejestr prob obejmujacy wszystkie zrealizowane badania niezaleznie od wyniku, oraz publiczne udostepnienie wynikow (dla OES).","Badacze (DellaVigna i Linos) oraz zespol asystentow badawczych kodowali cechy nudge'y i prob z raportow i publikacji, prowadzili wywiady/ankiety z autorami i personelem jednostek Nudge Unit, oraz zbierali prognozy ekspertow i praktykow poprzez ankiete; personel Nudge Unit (BIT, OES) projektuje, wdraza i dokumentuje interwencje oraz prowadzi wielorundowa recenzje kodu analiz.",nie_dotyczy,"Dane pochodza z kompletnych, wewnetrznych rejestrow dwoch jednostek Nudge Unit (BIT North America, OES), obejmujacych wszystkie proby od 2015 do lipca 2019, wraz z raportami z prob; dane z prob akademickich pochodza z dwoch metaanaliz (Benartzi et al. 2017, Hummel i Maedche 2019) i zostaly ponownie zakodowane z oryginalnych publikacji.",nie_dotyczy,nie_dotyczy,nie_dotyczy,obecne,nie_dotyczy,"bardzo_wysoka - praca jest stricte ekonomiczna (NBER working paper, JEL D9/H53/I38), a badany mechanizm (przejrzystosc rejestrow prob, korekta publication bias) jest bezposrednio stosowany w metodologii ekonomicznej i pokrewnych naukach spolecznych.","Praca zaznacza, ze proby Nudge Unit nie sa dokladnymi replikacjami prob akademickich, co ogranicza mozliwosc rozdzielenia efektu publication bias od roznic w cechach interwencji; wskazuje takze na selektywna publikacje nawet wsrod prob Nudge Unit opisanych w artykulach akademickich oraz na ograniczona wielkosc podprobki (16 prob) utrudniajaca wnioskowanie.","Kluczowy wklad dla SDD to demonstracja wartosci pelnego, administracyjnie prowadzonego rejestru wszystkich prob (w tym nieudanych/nieistotnych) jako 'bramy' danych zamrozonych przed selekcja publikacyjna - analogiczne do wersjonowanego artefaktu danych w rozwoju sterowanym specyfikacja, gdzie kompletnosc rejestru zastepuje potrzebe formalnej prerejestracji planu analizy.",tak
W3184666519,10.1257/jep.35.3.193,Evidence on Research Transparency in Economics,2021.0,article,ekonomia,"Praca adresuje problem publikacyjnego skrzywienia, zanikania wynikow nieistotnych statystycznie, p-hackingu/data-miningu oraz niskiej odtwarzalnosci obliczeniowej badan empirycznych w ekonomii.","Praca przeglada trzy mechanizmy: polityki otwartych danych/kodu (AEA), rejestracje badan i plany analizy przed danymi (pre-analysis plans) oraz zmiany w politykach czasopism (pre-results review/registered reports, oswiadczenia redakcyjne).",across_process,analysis_plan,"Wymagane artefakty to: dane i kod zdeponowane w repozytorium (openICPSR), zarejestrowany plan analizy (pre-analysis plan) na rejestrze AEA RCT, oswiadczenia o konflikcie interesow, a w pre-results review - zarejestrowana propozycja/protokol badania z 'in-principle acceptance'.","Badacz przygotowuje i deponuje dane/kod, pisze plan analizy przed zebraniem danych, a redaktor/Data Editor oraz recenzenci weryfikuja odtwarzalnosc obliczen i oceniaja propozycje badawcze przed znajomoscia wynikow.",nie_dotyczy,"Praca opisuje wymog udostepniania danych w repozytoriach z identyfikatorami DOI, standardy dokumentacji (README) oraz problem, ze udostepniane sa czesto dane zagregowane/przetworzone, nie surowe mikrodane.","Opisano wymog deponowania kodu analitycznego wraz z danymi w repozytoriach (openICPSR, Harvard Dataverse), weryfikowanego przez Data Editora pod katem odtwarzalnosci obliczeniowej.",nie_dotyczy,krytykowane,obecne,obecne,"bardzo_wysoka - praca jest napisana wprost dla dyscypliny ekonomii i opisuje mechanizmy juz stosowane w czasopismach ekonomicznych, transfer jest bezposredni.","Praca wskazuje na koszty czasowe przygotowania materialow (srednio 31.5h), nierownosci miedzy badaczami z roznych zasobow instytucjonalnych, ograniczenia w dostepie do danych zastrzezonych/poufnych, 'overturn bias' w replikacjach, konflikty interesow replikatorow oraz ryzyko zmniejszenia motywacji do zbierania nowych danych.",Praca dostarcza wzorca 'bramy przed danymi' (in-principle acceptance po recenzji planu przed wynikami) oraz weryfikacji odtwarzalnosci przez dedykowanego edytora danych - to analogia bramy jakosciowej i jednostki zamrozenia planu analizy w ramie SDD.,tak
W4323042252,10.30430/gjae.2023.0231,The p-Value Debate and Statistical (Mal)practice – Implications for the Agricultural and Food Economics Community,2023.0,article,ekonomia,"Praca adresuje kryzys replikacyjny, nadużywanie i błędną interpretację p-wartości i testów istotności statystycznej, publication bias oraz praktyki typu p-hacking, HARKing i selektywne raportowanie w naukach ekonomiczno-rolniczych.","Praca przegląda i ocenia zestaw remediów: preregistration/pre-analysis plans, registered reports, results-blind review, korekty wielokrotnego testowania, analizę power, przedziały ufności, multiverse analysis, replikacje/meta-analizy oraz obowiązkowe udostępnianie danych i kodu (zasady FAIR).",across_process,analysis_plan,"Wymagane/proponowane artefakty to: zarejestrowany plan analizy (pre-analysis plan) w repozytorium, protokół registered report recenzowany przed zbieraniem danych, udostępnione dane i kod (w tym raw data), dokumentacja procedur testowych, oraz metadane zgodne z zasadami FAIR.","Badacz jest odpowiedzialny za formułowanie hipotez z teorii, transparentne raportowanie alternatywnych specyfikacji modeli, dokumentowanie procesu analizy, przeprowadzanie analizy power przed zbieraniem danych oraz udostępnianie danych/kodu; recenzenci i redaktorzy oceniają jakość metodologiczną i wdrażają polityki edytorskie; nauczyciele kształtują praktyki poprzez edukację.",nie_dotyczy,"Praca podkreśla znaczenie udostępniania danych (w tym danych surowych), dokumentowania sposobu dostępu do danych (np. FADN) oraz stosowania zasad FAIR (findable, accessible, interoperable, reusable) dla danych badawczych.","Praca zaleca obowiązkowe udostępnianie kodu wraz z danymi jako standard redakcyjny, w tym kodu przygotowującego dane, aby umożliwić odtworzenie analiz; sami autorzy udostępniają dane i kod swojego badania.",nie_dotyczy,krytykowane,obecne,obecne,"bardzo_wysoka - praca jest stricte ekonomiczna (agricultural economics) i wprost analizuje praktyki statystyczne w tej dziedzinie, więc transfer nie wymaga adaptacji.","Praca wskazuje ograniczenia własnego badania (self-selected sample, brak wymuszonych odpowiedzi, brak jasnych hipotez) oraz ryzyka mechanizmów: preregistration może być rytualizowana bez zmiany kulturowej, ban p-wartości może prowadzić do mniej uzasadnionych twierdzeń, dane poufne (FADN) ograniczają udostępnianie.",Praca ilustruje bramę recenzencką przed danymi (registered reports/pre-registration jako 'in-principle acceptance') oraz wymóg proweniencji danych/kodu (FAIR) jako elementy zamrożenia planu analizy przenoszące się na ramę SDD w naukach ekonomicznych.,tak
W3016285839,10.3386/w26993,In Praise of Moderation: Suggestions for the Scope and Use of Pre-Analysis Plans for RCTs in Economics,2020.0,report,ekonomia,"Praca adresuje problem publikacyjnego skrzywienia (file-drawer problem) oraz specification searching/cherry-pickingu w analizie danych z eksperymentow RCT w ekonomii, wynikajacych z ograniczonej mozliwosci weryfikacji przez czytelnika.","Mechanizmem jest rejestracja badania w AEA RCT Registry (wypelnienie wymaganych pol rejestracyjnych) plus opcjonalny, krotki Pre-Analysis Plan (PAP), a nastepnie oddzielenie manuskryptu badawczego od 'populated PAP' jako dwoch odrebnych dokumentow.",before_analysis,analysis_plan,"Wymagany jest wpis w AEA RCT Registry z obowiazkowymi polami (tytul, kraj, status, abstrakt, daty, primary outcomes, design, randomizacja, wielkosc probki, IRB), opcjonalny plik PAP oraz opcjonalny, publicznie dostepny dokument 'populated PAP' dolaczany do wpisu rejestrowego lub aneksu artykulu.","Badacz jest autorem PAP i rejestracji, decyduje o zakresie pre-specyfikacji, dokumentuje odchylenia w 'populated PAP', a redaktorzy/recenzenci oceniaja artykul jako odrebny od PAP i nie powinni dyskontowac analiz niepre-specyfikowanych.",nie_dotyczy,"Praca wspomina o problemach z danymi administracyjnymi (niekompletnosc, zmiany praktyk rejestrowania) oraz o czasowym znaczniku (time-stamp) rejestracji jako sposobie sledzenia integralnosci procesu, ale nie definiuje formalnych metadanych/identyfikatorow danych.",nie_dotyczy,nie_dotyczy,obecne,obecne,obecne,"bardzo_wysoka - praca jest stricte ekonomiczna, napisana przez wiodacych ekonomistow (m.in. Duflo, Banerjee) i dotyczy dokladnie praktyki RCT w ekonomii oraz zarzadzania AEA RCT Registry.","Praca wskazuje ryzyka nadmiernej sztywnosci PAP: koszty czasowe/kognitywne, zniechecanie do eksperymentow o dlugim horyzoncie i zlozonych, ryzyko zaniechania badan, niemoznosc przewidzenia wszystkich okolicznosci oraz koszty dysproporcjonalnie wieksze dla mlodszych/mniej zasobnych badaczy.","Praca wnosi wzorzec 'lekkiej bramy' - minimalny, ustandaryzowany rejestr (AEA RCT Registry) jako zamrozony plan analizy przed danymi, uzupelniony opcjonalnym, oddzielonym artefaktem 'populated PAP' dokumentujacym odchylenia; ilustruje kompromis miedzy rygorem specyfikacji a elastycznoscia odkrywcza w SDD.",tak
W4394881644,10.1111/jofi.13337,Nonstandard Errors,2024.0,article,ekonomia,"Praca adresuje niewidzialny wczesniej rodzaj niepewnosci naukowej: rozbieznosc wynikow miedzy badaczami analizujacymi te sama hipoteze na tych samych danych z powodu roznych 'sciezek analizy' (garden of forking paths), niezaleznie od p-hackingu czy bledu doboru probki.","Wieloanalitykowy eksperyment (multi-analyst study) #fincap: 164 zespoly badawcze testuja te same hipotezy na tych samych danych, z dwuetapowym peer-feedbackiem miedzy zespolami, weryfikacja reprodukowalnosci kodu przez agencje Cascad, oraz preanalysis plan (PAP) zlozony w OSF.",during_writing_dissemination,analysis_plan,"Zarejestrowany plan analizy (PAP na OSF), krotki artykul z wynikami wraz z kodem (stage 1), ocena reprodukowalnosci kodu przez Cascad wedlug 5-stopniowej skali, formularze oceny recenzenckiej (PE) z uzasadnieniem.","Badacze (RTs) samodzielnie wybieraja sciezke analizy, szacuja efekt i bledy standardowe oraz pisza krotki artykul; recenzenci (PEs) oceniaja prace i dostarczaja informacje zwrotna w procesie single-blind; koordynatorzy projektuja badanie, prowadza metaanalize i piszą artykul; niezalezna agencja (Cascad) weryfikuje reprodukowalnosc kodu.",nie_dotyczy,"Praca opisuje pochodzenie danych jako wlasnosciowy zbior danego dostawcy (Deutsche Borse) obejmujacy 17 lat obrotu kontraktami futures na EuroStoxx 50, z jasno opisana struktura pol rekordow transakcyjnych, ale bez formalnych identyfikatorow trwalych czy standardu metadanych typu FAIR.",Kod kazdego zespolu byl wymagany do zlozenia razem z wynikami w stage 1 i podlegal niezaleznej weryfikacji reprodukowalnosci przez certyfikowana agencje Cascad wedlug jednoznacznej skali kategorii (RRR-DD).,nie_dotyczy,krytykowane,obecne,obecne,"bardzo_wysoka - praca jest stricte finansowo-ekonomiczna (opublikowana w Journal of Finance), a jej mechanizm (multi-analyst study, MHT, NSE) jest wprost zaprojektowany dla i stosowany w badaniach ekonomiczno-finansowych.","Praca nazywa ograniczenia: mozliwe nieskonsystentne (nierobustne) bledy standardowe raportowane przez zespoly wplywajace na testy, korelacje miedzy estymatorami zespolow obnizajace efektywna liczbe testow w korekcie Bonferroniego, brak mozliwosci bootstrapowania pelnego rozkladu, oraz ryzyko niedoszacowania dyspersji przez samych badaczy.",Do ramy SDD wnosi koncepcje 'nonstandard error' jako miary niepewnosci wynikajacej z niezamrozonej sciezki analizy oraz wzorzec wieloetapowej bramy peer-feedback + niezalezna weryfikacja reprodukowalnosci kodu jako mechanizm redukcji tej niepewnosci przed finalna publikacja.,tak
W2195775529,10.17016/feds.2015.083,"Is Economics Research Replicable? Sixty Published Papers from Thirteen Journals Say ""Usually Not""",2015.0,article,ekonomia,Nieodtwarzalnosc (nieodplicowalnosc) opublikowanych wynikow badan ekonomicznych z powodu braku lub niekompletnosci danych i kodu udostepnianych przez autorow.,"Systematyczna proba odtworzenia kluczowych wynikow 67 publikacji z 13 czasopism na podstawie plikow replikacyjnych (dane+kod) dostarczonych przez autorow lub archiwa czasopism, z ocena wplywu obowiazkowej polityki danych i kodu na sukces replikacji.",during_writing_dissemination,data,"Pliki replikacyjne obejmujace dane i kod, pliki readme z instrukcjami wykonania, informacja o wersji oprogramowania/systemu operacyjnego, dane surowe, ustawione ziarna generatorow liczb losowych, oczekiwany czas estymacji.","Badacze (autorzy oryginalni) przygotowuja i udostepniaja dane, kod i readme; replikatorzy (autorzy artykulu) probuja samodzielnie odtworzyc wyniki, a nastepnie kontaktuja sie z autorami po pomoc; edytorzy czasopism ustanawiaja i (nie zawsze) wymuszaja polityki depozytu.",nie_dotyczy,"Praca sledzi pochodzenie danych poprzez rozroznienie danych publicznych vs. wlasnosciowych (proprietary), sprawdzanie kompletnosci zestawow danych (brakujace zmienne, krotsza proba) oraz zaleca udostepnianie danych surowych (raw data) obok przetworzonych, dla umozliwienia weryfikacji i rozszerzen.","Praca ocenia dostepnosc i kompletnosc kodu, klasyfikuje przyczyny niepowodzen ('missing data or code', 'incorrect data or code', 'missing software'), oraz zaleca specyfikacje wersji oprogramowania/systemu operacyjnego i ustawianie ziaren generatorow losowych w kodzie.",nie_dotyczy,nie_dotyczy,obecne,obecne,"bardzo_wysoka - praca jest stricte ekonomiczna, dotyczy bezposrednio praktyk replikacyjnych w czolowych czasopismach ekonomicznych, mechanizm juz jest zastosowany w tej dziedzinie.","Wysoka subiektywnosc w definiowaniu 'kluczowego wyniku' i kryteriow sukcesu replikacji, brak informacji o zwolnieniach z polityki danych, ograniczenia sprzetowe/oprogramowania utrudniajace odroznienie 'incorrect code' od 'missing software', luzna (niska) proba na sukces replikacji jako gorna granica, brak egzekucji polityk przez redakcje czasopism nawet gdy sa obowiazkowe.","Praca pokazuje, ze samo istnienie polityki depozytu danych i kodu (brama na etapie publikacji) nie wystarcza bez faktycznej egzekucji i standaryzacji artefaktow (wersje oprogramowania, ziarna RNG, kolejnosc wykonania) - dla SDD to argument za wymuszalnymi, zautomatyzowanymi kontrolami jednostki 'data+code' zamiast deklaratywnej polityki.",tak
W2614113629,10.1257/aer.p20171031,What Is Meant by “Replication” and Why Does It Encounter Resistance in Economics?,2017.0,article,ekonomia,"Praca opisuje brak odtwarzalnosci badan ekonomicznych, wynikajacy z HARKingu, p-hackingu/data mining, bledow i oszustw danych oraz publication bias, ktore prowadza do nadreprezentacji falszywie pozytywnych wynikow w literaturze.","Praca analizuje replikacje badan (ponowna analiza danych, zmiana specyfikacji modelu, inne metody estymacji lub inne zbiory danych) jako mechanizm weryfikacji wynikow oraz omawia polityki dostepnosci danych (DAP) i rejestrowane raporty/replikacje jako instytucjonalne mechanizmy kontroli.",during_writing_dissemination,data,"Praca wskazuje na wymog udostepniania danych i kodu przez czasopisma (data availability policies), publikowane badania replikacyjne oraz - w rejestrowanych replikacjach - zlozenie wprowadzenia, metod i planu analizy do recenzji przed uzyskaniem wynikow.","Badacze-replikatorzy odtwarzaja lub testuja wczesniejsze wyniki, redaktorzy czasopism decyduja o publikacji replikacji i wdrazaniu polityk dostepnosci danych, a recenzenci oceniaja propozycje replikacji przed poznaniem wynikow (registered reports).",nie_dotyczy,"Praca omawia polityki dostepnosci danych (DAPs) w czasopismach ekonomicznych oraz problem slabego wykonania tych polityk - wiele czasopism formalnie je posiada, ale faktyczna dostepnosc danych i kodu jest niska.","Praca lacznie traktuje dostepnosc kodu z dostepnoscia danych w ramach polityk DAP i mierzy, ile czasopism regularnie udostepnia oba elementy.",nie_dotyczy,krytykowane,obecne,nie_dotyczy,"bardzo_wysoka - praca jest stricte ekonomiczna, dotyczy bezposrednio praktyk replikacyjnych w czasopismach ekonomicznych i finansowych.","Praca wskazuje na brak konsensusu definicyjnego dotyczacego replikacji/reprodukowalnosci, niska liczbe czasopism publikujacych replikacje, niski status naukowy replikacji, wrogosc i zarzuty o zle intencje wobec replikatorow oraz slaba egzekucje polityk dostepnosci danych.","Praca ilustruje brame na etapie publikacji/oceny (rejestrowane raporty, przyjecie 'in-principle' przed wynikami) jako wzorzec zamrozenia planu analizy oraz pokazuje, ze brak wymuszenia (enforcement) polityk dostepnosci danych osłabia jednostke zamrozenia 'data/artifact_code' w praktyce.",tak
W3122566203,10.3386/w22989,"Transparency, Reproducibility, and the Credibility of Economics Research",2016.0,preprint,ekonomia,"Praca opisuje szeroki zestaw problemow wiarygodnosci badan empirycznych w ekonomii: publication bias (selektywne raportowanie wynikow istotnych statystycznie), specification searching/p-hacking oraz brak mozliwosci replikacji publikowanych wynikow.","Przeglad i synteza mechanizmow naprawczych: udoskonalone metody analityczne i meta-analiza, rejestracja badan, plany analizy przed danymi (pre-analysis plans), standardy ujawniania/raportowania oraz otwarte udostepnianie danych i materialow do replikacji.",across_process,analysis_plan,"Praca wymienia zarejestrowane plany analizy (PAP), wpisy w rejestrach badan, dane i kod udostepniane w repozytoriach czasopism, dokumentacje metadanych oraz oswiadczenia o konfliktach interesow/finansowaniu.","Czlowiek (badacz) jest zrodlem potencjalnego skrzywienia (author bias, specification searching) ale takze glownym aktorem wdrazajacym mechanizmy naprawcze - rejestrujacym plany, udostepniajacym dane/kod, przeprowadzajacym replikacje i weryfikacje jako recenzent lub redaktor.",nie_dotyczy,"Praca szeroko dyskutuje pochodzenie i dostepnosc danych: polityki udostepniania danych czasopism (np. AER), wyjatki dla danych zastrzezonych/proprietary, oraz problem nieudokumentowanych, niepodpisanych zbiorow danych przekazywanych do replikacji.",Praca omawia wymogi udostepniania kodu/programow obliczeniowych wraz z danymi jako warunek publikacji oraz problemy z odtwarzalnoscia wynikow numerycznych miedzy pakietami statystycznymi.,nie_dotyczy,krytykowane,obecne,obecne,"bardzo_wysoka - praca jest stricte ekonomiczna (NBER working paper) i wprost dotyczy mechanizmow transparentnosci/reprodukowalnosci w badaniach ekonomicznych, nie wymaga zadnego transferu.","Praca sama nazywa ograniczenia: wyjatki dla danych proprietary/zastrzezonych obnizajace rzeczywista odtwarzalnosc, brak weryfikacji ze zlozony kod faktycznie generuje opublikowane wyniki, ryzyko 'arms race' przy zaostrzaniu progow istotnosci, oraz brak konsensusu co do definicji udanej replikacji.","Praca dostarcza wczesny, systematyczny katalog mechanizmow 'zamrazania' w badaniach empirycznych (plan analizy, dane, kod) oraz bram kontrolnych (polityki czasopism, rejestracja) analogicznych do bram SDD - istotne jako przeglad stanu wyjsciowego przed wprowadzeniem narzedzi obliczeniowych/AI.",tak
W3196836501,10.1093/restud/rdae007,Revisiting Event-Study Designs: Robust and Efficient Estimation,2024.0,article,ekonomia,"Praca adresuje problem obciazenia i nieodpowiedniej specyfikacji konwencjonalnych estymatorow event-study/DiD ze staggered treatment adoption, ktore bez restrykcyjnych zalozen o homogenicznosci efektow nie dostarczaja nieobciazonych estymatorow zainteresowania (m.in. 'forbidden comparisons', ujemne wagi, spurious identification efektow dlugookresowych).","Praca proponuje jawne, eksplicytne oddzielenie: (1) doboru estymandu (wagi na efekty), (2) zalozen identyfikujacych (parallel trends, no-anticipation) i (3) ewentualnych restrykcji na heterogenicznosc efektow, a nastepnie wyprowadza efektywny estymator 'imputacyjny' szacujacy model na obserwacjach nieleczonych i imputujacy kontrfaktyczne wyniki dla leczonych.",during_analysis,analysis_plan,"Praca wymaga jawnego okreslenia estymandu (wagi wit), zalozen (parallel trends, no-anticipation, model efektow), a w zastosowaniu udostepnia gotowe narzedzia programistyczne: polecenia Stata do imputacji i wizualizacji.","Badacz musi explicite wybrac estymand (wagi wit), sformulowac i uzasadnic zalozenia identyfikujace oraz ewentualne restrykcje na heterogenicznosc efektow, a nastepnie zastosowac/zaimplementowac proponowany estymator i testy.",nie_dotyczy,nie_dotyczy,"Praca udostepnia publicznie dwa polecenia Stata (did_imputation, event_plot) implementujace metode, co umozliwia odtworzenie i ponowne uzycie estymatora przez innych badaczy, choc bez formalnego omowienia wersjonowania/repozytorium.",nie_dotyczy,krytykowane,obecne,obecne,"bardzo_wysoka - praca jest stricte ekonometryczna/ekonomiczna (DiD, event-study), a jej mechanizm jest bezposrednio stosowany w badaniach empirycznych ekonomii i finansow.","Praca sama wskazuje ograniczenia: brak oceny kiedy zalozenia event-study sa ex ante wlasciwe (w przeciwienstwie do Roth i Sant'Anna 2023), brak odpornosci na naruszenia parallel trends jak w Rambachan i Roth (2023), oraz brak pokrycia event studies z literatury finansowej z danymi wysokiej czestotliwosci; inferencja jest jedynie konserwatywna w ogolnym przypadku.","Kluczowy wklad do SDD to rozdzielenie 'planu analizy' (estymand + zalozenia zamrozone a priori) od etapu estymacji, oraz udostepnienie dzialajacego artefaktu-kodu (komendy Stata) jako narzedzia audytowalnego - wzorzec bramy: najpierw zamrozony plan/zalozenia, potem estymacja, a testy zalozen oddzielone od estymacji.",tak
W3123939061,10.1111/j.1468-0262.2005.00615.x,Stepwise Multiple Testing as Formalized Data Snooping,2005.0,preprint,ekonomia,"Praca adresuje problem data snooping (data mining) w ekonomii i finansach: wielokrotne testowanie wielu strategii wzgledem benchmarku na jednym zbiorze danych prowadzi do falszywych odkryc, bo niektore strategie wypadaja lepiej niz benchmark przez przypadek.","Stepwise (step-down) procedura testow wielokrotnych z bootstrapem, kontrolujaca asymptotycznie familywise error rate (FWE); w kazdym kroku budowana jest prostokatna wspolna strefa ufnosci dla pozostalych hipotez, co pozwala odrzucic wiecej falszywych hipotez niz metoda jednokrokowa (BRC White'a).",during_analysis,hypothesis_family,"Praca nie wymaga formalnych artefaktow deponowanych (jak preregistracja czy repozytorium), lecz proceduralnych wyników obliczeniowych: zbioru statystyk testowych, bootstrapowych replikacji (J>=1000) i skwantylowanych wartosci krytycznych c/d uzywanych do konstrukcji przedzialow ufnosci w kazdym kroku algorytmu.","Badacz/analityk projektuje statystyki testowe dla konkretnego kontekstu (np. CAPM alpha, Sharpe ratio), wybiera metode bootstrapu i rozmiar bloku, uruchamia algorytm stepwise i interpretuje, ktore strategie/akcje faktycznie pobijaja benchmark.",nie_dotyczy,"Praca podaje zrodlo danych empirycznych (DataStream, zwroty miesieczne za 10 lat dla 100 najwiekszych akcji) i benchmark (indeks S&P 500), ale nie rozwija formalnej ramy metadanych/identyfikatorow proweniencji danych typu FAIR.",nie_dotyczy,nie_dotyczy,krytykowane,obecne,nie_dotyczy,"bardzo_wysoka - praca jest stricte ekonomiczna/finansowa (JEL C12,C14,C52), a metoda jest wprost stosowana do danych finansowych (fundusze, CAPM, VaR), wiec transfer jest natywny.","Metoda zalezy od trafnego doboru rozmiaru bloku bootstrapu w danych czasowych (kosztowne obliczeniowo dobieranie), metoda basic (bez studentyzacji) moze nie kontrolowac FWE w danych zaleznych czasowo (jest zbyt liberalna), a wybor miedzy podejsciem FWE i FDR zalezy od preferencji badacza, co wprowadza element arbitralnosci.","Kluczowy wklad do SDD to jednostka zamrozenia typu 'rodzina hipotez' wraz z proceduralna brama odrzucania w trakcie analizy (stepwise, kontrola FWE) - pokazuje jak formalnie i audytowalnie ograniczyc efekty wielokrotnego przeszukiwania danych bez etapu prerejestracji.",tak
W2078914906,10.1257/jep.8.3.97,Computer Network Resources for Economists,1994.0,article,ekonomia,"Praca adresuje problem niewykorzystania i nieprzejrzystosci istniejacych zasobow cyfrowych w ekonomii: dane, kod i wyniki badan sa trudne do znalezienia, nieusystematyzowane i rzadko udostepniane, co utrudnia replikacje i szybkie rozpowszechnianie wiedzy.","Mechanizmem proponowanym jest wykorzystanie internetowych protokolow (FTP, Gopher, WWW, e-mail) do tworzenia publicznie dostepnych archiwow danych, kodu i working papers oraz zakladanie anonimowych repozytoriow FTP przez czasopisma dla danych i programow uzytych w publikacjach.",during_writing_dissemination,data,"Wymagane artefakty to zdeponowane zbiory danych i kod programow na anonimowych serwerach FTP/Gopher, working papers w archiwach elektronicznych (WPA, WoPEc), bazy bibliograficzne (BibEc) oraz adresy e-mail na publikacjach.","Czlowiek (badacz, bibliotekarz, wolontariusz, administrator) tworzy, katalogowuje i udostepnia zasoby, prowadzi listy mailingowe i gophery, oraz decyduje o polityce udostepniania danych i publikacji.",nie_dotyczy,"Praca opisuje pochodzenie i lokalizacje wielu baz danych (EconData, LABSTAT, EDGAR, Luxembourg Income Study) wraz z informacja o formacie plikow, dokumentacji (README, overview.doc) i wymaganych uprawnieniach dostepu (np. zgoda IMF), ale nie stosuje formalnych trwalych identyfikatorow ani metadanych w sensie FAIR.","Autor opisuje udostepnianie wlasnego kodu z artykulu w Journal of Econometrics poprzez e-mail i biblioteki online, ale nie ma formalnego systemu wersjonowania kodu ani standardu srodowiska.",nie_dotyczy,nie_dotyczy,nie_dotyczy,nie_dotyczy,"bardzo_wysoka - praca jest stricte ekonomiczna, napisana dla ekonomistow i wprost proponuje wdrozenie mechanizmow (FTP-archiwa danych/kodu przy publikacji) w praktyce czasopism ekonomicznych.","Praca wskazuje na chaotyczna, wolontariacka organizacje zasobow bez centralnego katalogu, trudnosci techniczne dla mniej doswiadczonych uzytkownikow, brak egzekwowania standardow depozytu oraz szybka dezaktualizacje informacji o zasobach internetowych.","Praca jest wczesnym (1994) postulatem infrastruktury depozytu danych/kodu przy publikacji - prekursor jednostki zamrozenia typu 'artifact_code'/'data' i bramy przy publikacji, choc bez formalnych mechanizmow walidacji czy egzekucji, jakie SDD wymaga.",tak
W4386840320,10.3386/w31679,Generation Next: Experimentation with AI,2023.0,report,ekonomia,"Naruszenie zalozen identyfikacyjnych (restrykcji wylaczajacych) w eksperymentach online - zwlaszcza compliance i observability - prowadzace do niskiej wiarygodnosci wnioskowania przyczynowego, a takze problem elastycznosci badawczej/p-hackingu i trudnosci replikacji.","Wykorzystanie LLM jako asystentow na etapie projektowania, implementacji i analizy eksperymentow (generowanie instrukcji, kodu, monitorowanie uczestnikow, porownanie z planem preregistracyjnym) plus proponowana rama governance ograniczajaca ryzyka.",across_process,prompt_tools,"Standaryzowana dokumentacja eksperymentu generowana przez LLM, replication packages, zapisy interakcji badacz-AI dolaczane jako appendixy do zgloszen, publiczna biblioteka szablonow projektow eksperymentalnych.","Badacz projektuje eksperyment, formuluje prompty, ocenia i koryguje wyjscia AI, podejmuje decyzje etyczne i interpretacyjne, zachowuje nadzor nad AI jako narzedziem wspomagajacym, nie zastepujacym eksperta.","AI/LLM jako autonomiczny agent badawczy wspierajacy caly cykl eksperymentu: generuje projekty badawcze, kod, instrukcje, symuluje uczestnikow (silicon participants), monitoruje zaangazowanie i oszustwa uczestnikow, analizuje dane i porownuje wyniki z planem preregistracyjnym.","Praca wspomina o potrzebie ochrony prywatnosci danych uczestnikow, anonimizacji i zgody, ale nie proponuje formalnego systemu identyfikatorow/metadanych proweniencji danych w sensie FAIR.","LLM generuje kod eksperymentu (Python, JavaScript, HTML, R) dla platform typu Qualtrics, oTree, Z-tree; sugerowane jest tworzenie replication packages zawierajacych materialy potrzebne do reprodukcji, ale bez szczegolowej specyfikacji wersjonowania/repozytoriow.","Praca proponuje rejestrowanie interakcji miedzy badaczami a AI podczas produkcji wiedzy i dolaczanie tych zapisow jako appendixy w zgloszeniach badawczych, co jest forma dokumentacji uzycia AI.",obecne,obecne,obecne,"bardzo_wysoka - praca jest napisana przez i dla ekonomistow eksperymentalnych, wprost dotyczy zastosowania LLM w eksperymentach ekonomicznych, wiec transfer jest natywny.","Praca wymienia liczne ryzyka: naruszenia wlasnosci intelektualnej i prywatnosci, oszustwa/manipulacje i dezinformacje, halucynacje AI, nadmierne poleganie badaczy na AI, biasy algorytmiczne, homogenizacja mysli i utrata kreatywnosci naukowej.","Praca wprowadza koncepcje 'zamrozenia' interakcji badacz-AI jako artefaktu audytowalnego (log promptow jako appendix) oraz uzycia AI jako bramy porownujacej manuskrypt z planem preregistracyjnym - to wzorzec bramy kontrolnej analogiczny do SDD, gdzie prompt/interakcja staje sie jednostka do zamrozenia i audytu.",tak
